,model,accuracy,f1_score,precision_score,recall_score,roc_auc_score
0,LogisticRegression,0.9586296056884293,0.9585778274098841,0.9602296496776006,0.9586296056884293,0.9582581091653126
1,LogisticRegression,0.9553975436328378,0.9553861315525085,0.955605720663304,0.9553975436328378,0.9552558290371975
2,SVC,0.9612152553329024,0.9611630383552535,0.9629714925256211,0.9612152553329024,0.9608282682393532
3,SVC,0.9553975436328378,0.955384079528506,0.955659217920068,0.9553975436328378,0.9552399483795042
4,RandomForestClassifier,0.885585003232062,0.883972162781006,0.9056774154164745,0.885585003232062,0.884194064980308
5,RandomForestClassifier,0.8933419521654816,0.892154448569601,0.9091712537967471,0.8933419521654816,0.8921109907524423
6,AdaBoostClassifier,0.9528118939883645,0.9527460680833912,0.954602566551096,0.9528118939883645,0.9524156987823715
7,AdaBoostClassifier,0.9515190691661279,0.9514514398117033,0.953303512098761,0.9515190691661279,0.9511226789165046
