,model,accuracy,f1_score,precision_score,recall_score,roc_auc_score
0,LogisticRegression,0.9586296056884293,0.9585778274098841,0.9602296496776006,0.9586296056884293,0.9582581091653126
1,LogisticRegression,0.9553975436328378,0.9553861315525085,0.955605720663304,0.9553975436328378,0.9552558290371975
2,SVC,0.9612152553329024,0.9611630383552535,0.9629714925256211,0.9612152553329024,0.9608282682393532
3,SVC,0.9553975436328378,0.955384079528506,0.955659217920068,0.9553975436328378,0.9552399483795042
4,RandomForestClassifier,0.8959276018099548,0.8947102246474193,0.9127595893929634,0.8959276018099548,0.8946652691687897
5,RandomForestClassifier,0.8836457659987071,0.8819872455288217,0.9038765820420855,0.8836457659987071,0.882246594852661
6,AdaBoostClassifier,0.9528118939883645,0.9527460680833912,0.954602566551096,0.9528118939883645,0.9524156987823715
7,AdaBoostClassifier,0.9515190691661279,0.9514514398117033,0.953303512098761,0.9515190691661279,0.9511226789165046
